STZ,,"DES,STZ,STK,SMART/AMEX,,,,,"
BK,,"DES,BK,STK,SMART/AMEX,,,,,"
DAL,,"DES,DAL,STK,SMART/AMEX,,,,,"
JPM,,"DES,JPM,STK,SMART/AMEX,,,,,"
BAC,,"DES,BAC,STK,SMART/AMEX,,,,,"
C,,"DES,C,STK,SMART/AMEX,,,,,"
WFC,,"DES,WFC,STK,SMART/AMEX,,,,,"
BLK,,"DES,BLK,STK,SMART/AMEX,,,,,"
GS,,"DES,GS,STK,SMART/AMEX,,,,,"
MS,,"DES,MS,STK,SMART/AMEX,,,,,"
JBHT,,"DES,JBHT,STK,SMART/AMEX,,,,,"
MTB,,"DES,MTB,STK,SMART/AMEX,,,,,"
PNC,,"DES,PNC,STK,SMART/AMEX,,,,,"
STT,,"DES,STT,STK,SMART/AMEX,,,,,"
DHI,,"DES,DHI,STK,SMART/AMEX,,,,,"
FAST,,"DES,FAST,STK,SMART/AMEX,,,,,"
FITB,,"DES,FITB,STK,SMART/AMEX,,,,,"
KEY,,"DES,KEY,STK,SMART/AMEX,,,,,"
MMM,,"DES,MMM,STK,SMART/AMEX,,,,,"
USB,,"DES,USB,STK,SMART/AMEX,,,,,"
IBKR,,"DES,IBKR,STK,SMART/AMEX,,,,,"
NFLX,,"DES,NFLX,STK,SMART/AMEX,,,,,"
UAL,,"DES,UAL,STK,SMART/AMEX,,,,,"
ALLY,,"DES,ALLY,STK,SMART/AMEX,,,,,"
CFG,,"DES,CFG,STK,SMART/AMEX,,,,,"
HAL,,"DES,HAL,STK,SMART/AMEX,,,,,"
JNJ,,"DES,JNJ,STK,SMART/AMEX,,,,,"
SCHW,,"DES,SCHW,STK,SMART/AMEX,,,,,"
TEL,,"DES,TEL,STK,SMART/AMEX,,,,,"
TFC,,"DES,TFC,STK,SMART/AMEX,,,,,"
TRV,,"DES,TRV,STK,SMART/AMEX,,,,,"
KMI,,"DES,KMI,STK,SMART/AMEX,,,,,"
ABT,,"DES,ABT,STK,SMART/AMEX,,,,,"
FCX,,"DES,FCX,STK,SMART/AMEX,,,,,"
GE,,"DES,GE,STK,SMART/AMEX,,,,,"
HBAN,,"DES,HBAN,STK,SMART/AMEX,,,,,"
PG,,"DES,PG,STK,SMART/AMEX,,,,,"
AA,,"DES,AA,STK,SMART/AMEX,,,,,"
COF,,"DES,COF,STK,SMART/AMEX,,,,,"
CSX,,"DES,CSX,STK,SMART/AMEX,,,,,"
INTC,,"DES,INTC,STK,SMART/AMEX,,,,,"
ISRG,,"DES,ISRG,STK,SMART/AMEX,,,,,"
SLB,,"DES,SLB,STK,SMART/AMEX,,,,,"
BKR,,"DES,BKR,STK,SMART/AMEX,,,,,"
STLD,,"DES,STLD,STK,SMART/AMEX,,,,,"
BRO,,"DES,BRO,STK,SMART/AMEX,,,,,"
NUE,,"DES,NUE,STK,SMART/AMEX,,,,,"
WRB,,"DES,WRB,STK,SMART/AMEX,,,,,"
AAL,,"DES,AAL,STK,SMART/AMEX,,,,,"
BA,,"DES,BA,STK,SMART/AMEX,,,,,"
GM,,"DES,GM,STK,SMART/AMEX,,,,,"
HCA,,"DES,HCA,STK,SMART/AMEX,,,,,"
KMB,,"DES,KMB,STK,SMART/AMEX,,,,,"
NOC,,"DES,NOC,STK,SMART/AMEX,,,,,"
PCAR,,"DES,PCAR,STK,SMART/AMEX,,,,,"
RTX,,"DES,RTX,STK,SMART/AMEX,,,,,"
SYY,,"DES,SYY,STK,SMART/AMEX,,,,,"
UNP,,"DES,UNP,STK,SMART/AMEX,,,,,"
UPS,,"DES,UPS,STK,SMART/AMEX,,,,,"
FFIV,,"DES,FFIV,STK,SMART/AMEX,,,,,"
PKG,,"DES,PKG,STK,SMART/AMEX,,,,,"
PPG,,"DES,PPG,STK,SMART/AMEX,,,,,"
STX,,"DES,STX,STK,SMART/AMEX,,,,,"
TXN,,"DES,TXN,STK,SMART/AMEX,,,,,"
ADP,,"DES,ADP,STK,SMART/AMEX,,,,,"
APH,,"DES,APH,STK,SMART/AMEX,,,,,"
ASML,,"DES,ASML,STK,SMART/AMEX,,,,,"
DHR,,"DES,DHR,STK,SMART/AMEX,,,,,"
GD,,"DES,GD,STK,SMART/AMEX,,,,,"
GEV,,"DES,GEV,STK,SMART/AMEX,,,,,"
GLW,,"DES,GLW,STK,SMART/AMEX,,,,,"
OTIS,,"DES,OTIS,STK,SMART/AMEX,,,,,"
SBUX,,"DES,SBUX,STK,SMART/AMEX,,,,,"
T,,"DES,T,STK,SMART/AMEX,,,,,"
TXT,,"DES,TXT,STK,SMART/AMEX,,,,,"
CHRW,,"DES,CHRW,STK,SMART/AMEX,,,,,"
IBM,,"DES,IBM,STK,SMART/AMEX,,,,,"
LRCX,,"DES,LRCX,STK,SMART/AMEX,,,,,"
LUV,,"DES,LUV,STK,SMART/AMEX,,,,,"
LVS,,"DES,LVS,STK,SMART/AMEX,,,,,"
META,,"DES,META,STK,SMART/AMEX,,,,,"
MSFT,,"DES,MSFT,STK,SMART/AMEX,,,,,"
NOW,,"DES,NOW,STK,SMART/AMEX,,,,,"
TSLA,,"DES,TSLA,STK,SMART/AMEX,,,,,"
WM,,"DES,WM,STK,SMART/AMEX,,,,,"
AOS,,"DES,AOS,STK,SMART/AMEX,,,,,"
BX,,"DES,BX,STK,SMART/AMEX,,,,,"
CAT,,"DES,CAT,STK,SMART/AMEX,,,,,"
CMCSA,,"DES,CMCSA,STK,SMART/AMEX,,,,,"
DOV,,"DES,DOV,STK,SMART/AMEX,,,,,"
DOW,,"DES,DOW,STK,SMART/AMEX,,,,,"
EXP,,"DES,EXP,STK,SMART/AMEX,,,,,"
HON,,"DES,HON,STK,SMART/AMEX,,,,,"
IP,,"DES,IP,STK,SMART/AMEX,,,,,"
LHX,,"DES,LHX,STK,SMART/AMEX,,,,,"
LMT,,"DES,LMT,STK,SMART/AMEX,,,,,"
MA,,"DES,MA,STK,SMART/AMEX,,,,,"
MO,,"DES,MO,STK,SMART/AMEX,,,,,"
NDAQ,,"DES,NDAQ,STK,SMART/AMEX,,,,,"
NSC,,"DES,NSC,STK,SMART/AMEX,,,,,"
PH,,"DES,PH,STK,SMART/AMEX,,,,,"
PHM,,"DES,PHM,STK,SMART/AMEX,,,,,"
RCL,,"DES,RCL,STK,SMART/AMEX,,,,,"
SHW,,"DES,SHW,STK,SMART/AMEX,,,,,"
TMO,,"DES,TMO,STK,SMART/AMEX,,,,,"
TSCO,,"DES,TSCO,STK,SMART/AMEX,,,,,"
TT,,"DES,TT,STK,SMART/AMEX,,,,,"
VLO,,"DES,VLO,STK,SMART/AMEX,,,,,"
AAPL,,"DES,AAPL,STK,SMART/AMEX,,,,,"
DECK,,"DES,DECK,STK,SMART/AMEX,,,,,"
DLB,,"DES,DLB,STK,SMART/AMEX,,,,,"
EMN,,"DES,EMN,STK,SMART/AMEX,,,,,"
HIG,,"DES,HIG,STK,SMART/AMEX,,,,,"
KLAC,,"DES,KLAC,STK,SMART/AMEX,,,,,"
SNDK,,"DES,SNDK,STK,SMART/AMEX,,,,,"
SYK,,"DES,SYK,STK,SMART/AMEX,,,,,"
V,,"DES,V,STK,SMART/AMEX,,,,,"
WDC,,"DES,WDC,STK,SMART/AMEX,,,,,"
APD,,"DES,APD,STK,SMART/AMEX,,,,,"
ARCB,,"DES,ARCB,STK,SMART/AMEX,,,,,"
AXP,,"DES,AXP,STK,SMART/AMEX,,,,,"
BEN,,"DES,BEN,STK,SMART/AMEX,,,,,"
CHD,,"DES,CHD,STK,SMART/AMEX,,,,,"
CHTR,,"DES,CHTR,STK,SMART/AMEX,,,,,"
CL,,"DES,CL,STK,SMART/AMEX,,,,,"
CVX,,"DES,CVX,STK,SMART/AMEX,,,,,"
LYB,,"DES,LYB,STK,SMART/AMEX,,,,,"
REGN,,"DES,REGN,STK,SMART/AMEX,,,,,"
SOFI,,"DES,SOFI,STK,SMART/AMEX,,,,,"
VZ,,"DES,VZ,STK,SMART/AMEX,,,,,"
XOM,,"DES,XOM,STK,SMART/AMEX,,,,,"
APTV,,"DES,APTV,STK,SMART/AMEX,,,,,"
DIS,,"DES,DIS,STK,SMART/AMEX,,,,,"
IDXX,,"DES,IDXX,STK,SMART/AMEX,,,,,"
TSN,,"DES,TSN,STK,SMART/AMEX,,,,,"
DVA,,"DES,DVA,STK,SMART/AMEX,,,,,"
NXPI,,"DES,NXPI,STK,SMART/AMEX,,,,,"
PLTR,,"DES,PLTR,STK,SMART/AMEX,,,,,"
TER,,"DES,TER,STK,SMART/AMEX,,,,,"
ADM,,"DES,ADM,STK,SMART/AMEX,,,,,"
AME,,"DES,AME,STK,SMART/AMEX,,,,,"
BALL,,"DES,BALL,STK,SMART/AMEX,,,,,"
BR,,"DES,BR,STK,SMART/AMEX,,,,,"
ETN,,"DES,ETN,STK,SMART/AMEX,,,,,"
GWW,,"DES,GWW,STK,SMART/AMEX,,,,,"
HUBB,,"DES,HUBB,STK,SMART/AMEX,,,,,"
IT,,"DES,IT,STK,SMART/AMEX,,,,,"
ITW,,"DES,ITW,STK,SMART/AMEX,,,,,"
MPC,,"DES,MPC,STK,SMART/AMEX,,,,,"
MRK,,"DES,MRK,STK,SMART/AMEX,,,,,"
PEP,,"DES,PEP,STK,SMART/AMEX,,,,,"
PFE,,"DES,PFE,STK,SMART/AMEX,,,,,"
PNR,,"DES,PNR,STK,SMART/AMEX,,,,,"
PYPL,,"DES,PYPL,STK,SMART/AMEX,,,,,"
AMCR,,"DES,AMCR,STK,SMART/AMEX,,,,,"
AMD,,"DES,AMD,STK,SMART/AMEX,,,,,"
AMGN,,"DES,AMGN,STK,SMART/AMEX,,,,,"
CLX,,"DES,CLX,STK,SMART/AMEX,,,,,"
CMG,,"DES,CMG,STK,SMART/AMEX,,,,,"
CTVA,,"DES,CTVA,STK,SMART/AMEX,,,,,"
EMR,,"DES,EMR,STK,SMART/AMEX,,,,,"
ENPH,,"DES,ENPH,STK,SMART/AMEX,,,,,"
INTA,,"DES,INTA,STK,SMART/AMEX,,,,,"
J,,"DES,J,STK,SMART/AMEX,,,,,"
MDLZ,,"DES,MDLZ,STK,SMART/AMEX,,,,,"
MTCH,,"DES,MTCH,STK,SMART/AMEX,,,,,"
PRU,,"DES,PRU,STK,SMART/AMEX,,,,,"
SWKS,,"DES,SWKS,STK,SMART/AMEX,,,,,"
TTWO,,"DES,TTWO,STK,SMART/AMEX,,,,,"
VLTO,,"DES,VLTO,STK,SMART/AMEX,,,,,"
VRNS,,"DES,VRNS,STK,SMART/AMEX,,,,,"
ABBV,,"DES,ABBV,STK,SMART/AMEX,,,,,"
AVY,,"DES,AVY,STK,SMART/AMEX,,,,,"
AZTA,,"DES,AZTA,STK,SMART/AMEX,,,,,"
BG,,"DES,BG,STK,SMART/AMEX,,,,,"
BSX,,"DES,BSX,STK,SMART/AMEX,,,,,"
CDW,,"DES,CDW,STK,SMART/AMEX,,,,,"
CME,,"DES,CME,STK,SMART/AMEX,,,,,"
COR,,"DES,COR,STK,SMART/AMEX,,,,,"
CTSH,,"DES,CTSH,STK,SMART/AMEX,,,,,"
EFX,,"DES,EFX,STK,SMART/AMEX,,,,,"
FOX,,"DES,FOX,STK,SMART/AMEX,,,,,"
FTV,,"DES,FTV,STK,SMART/AMEX,,,,,"
GEHC,,"DES,GEHC,STK,SMART/AMEX,,,,,"
IEX,,"DES,IEX,STK,SMART/AMEX,,,,,"
JCI,,"DES,JCI,STK,SMART/AMEX,,,,,"
LLY,,"DES,LLY,STK,SMART/AMEX,,,,,"
PSX,,"DES,PSX,STK,SMART/AMEX,,,,,"
SWK,,"DES,SWK,STK,SMART/AMEX,,,,,"
TECH,,"DES,TECH,STK,SMART/AMEX,,,,,"
TROW,,"DES,TROW,STK,SMART/AMEX,,,,,"
UBER,,"DES,UBER,STK,SMART/AMEX,,,,,"
YUM,,"DES,YUM,STK,SMART/AMEX,,,,,"
AFL,,"DES,AFL,STK,SMART/AMEX,,,,,"
ALGN,,"DES,ALGN,STK,SMART/AMEX,,,,,"
ALL,,"DES,ALL,STK,SMART/AMEX,,,,,"
ARM,,"DES,ARM,STK,SMART/AMEX,,,,,"
CPAY,,"DES,CPAY,STK,SMART/AMEX,,,,,"
ELF,,"DES,ELF,STK,SMART/AMEX,,,,,"
FMC,,"DES,FMC,STK,SMART/AMEX,,,,,"
GOOG,,"DES,GOOG,STK,SMART/AMEX,,,,,"
MCK,,"DES,MCK,STK,SMART/AMEX,,,,,"
MET,,"DES,MET,STK,SMART/AMEX,,,,,"
PTC,,"DES,PTC,STK,SMART/AMEX,,,,,"
QCOM,,"DES,QCOM,STK,SMART/AMEX,,,,,"
SNAP,,"DES,SNAP,STK,SMART/AMEX,,,,,"
STE,,"DES,STE,STK,SMART/AMEX,,,,,"
TENB,,"DES,TENB,STK,SMART/AMEX,,,,,"
BMY,,"DES,BMY,STK,SMART/AMEX,,,,,"
CAH,,"DES,CAH,STK,SMART/AMEX,,,,,"
CARR,,"DES,CARR,STK,SMART/AMEX,,,,,"
CMI,,"DES,CMI,STK,SMART/AMEX,,,,,"
COP,,"DES,COP,STK,SMART/AMEX,,,,,"
EL,,"DES,EL,STK,SMART/AMEX,,,,,"
HII,,"DES,HII,STK,SMART/AMEX,,,,,"
HSY,,"DES,HSY,STK,SMART/AMEX,,,,,"
ICE,,"DES,ICE,STK,SMART/AMEX,,,,,"
IQV,,"DES,IQV,STK,SMART/AMEX,,,,,"
KKR,,"DES,KKR,STK,SMART/AMEX,,,,,"
LIN,,"DES,LIN,STK,SMART/AMEX,,,,,"
RL,,"DES,RL,STK,SMART/AMEX,,,,,"
ROK,,"DES,ROK,STK,SMART/AMEX,,,,,"
SNA,,"DES,SNA,STK,SMART/AMEX,,,,,"
TPR,,"DES,TPR,STK,SMART/AMEX,,,,,"
WMS,,"DES,WMS,STK,SMART/AMEX,,,,,"
AFRM,,"DES,AFRM,STK,SMART/AMEX,,,,,"
AMZN,,"DES,AMZN,STK,SMART/AMEX,,,,,"
BE,,"DES,BE,STK,SMART/AMEX,,,,,"
DOCS,,"DES,DOCS,STK,SMART/AMEX,,,,,"
FTNT,,"DES,FTNT,STK,SMART/AMEX,,,,,"
GEN,,"DES,GEN,STK,SMART/AMEX,,,,,"
MCHP,,"DES,MCHP,STK,SMART/AMEX,,,,,"
MGM,,"DES,MGM,STK,SMART/AMEX,,,,,"
MPWR,,"DES,MPWR,STK,SMART/AMEX,,,,,"
MTD,,"DES,MTD,STK,SMART/AMEX,,,,,"
NWS,,"DES,NWS,STK,SMART/AMEX,,,,,"
RBLX,,"DES,RBLX,STK,SMART/AMEX,,,,,"
RDDT,,"DES,RDDT,STK,SMART/AMEX,,,,,"
TEAM,,"DES,TEAM,STK,SMART/AMEX,,,,,"
BIIB,,"DES,BIIB,STK,SMART/AMEX,,,,,"
MKTX,,"DES,MKTX,STK,SMART/AMEX,,,,,"
PM,,"DES,PM,STK,SMART/AMEX,,,,,"
DT,,"DES,DT,STK,SMART/AMEX,,,,,"
WAT,,"DES,WAT,STK,SMART/AMEX,,,,,"
ACGL,,"DES,ACGL,STK,SMART/AMEX,,,,,"
CINF,,"DES,CINF,STK,SMART/AMEX,,,,,"
ON,,"DES,ON,STK,SMART/AMEX,,,,,"
CVS,,"DES,CVS,STK,SMART/AMEX,,,,,"
DDOG,,"DES,DDOG,STK,SMART/AMEX,,,,,"
ECL,,"DES,ECL,STK,SMART/AMEX,,,,,"
FISV,,"DES,FISV,STK,SMART/AMEX,,,,,"
HAS,,"DES,HAS,STK,SMART/AMEX,,,,,"
KO,,"DES,KO,STK,SMART/AMEX,,,,,"
MAR,,"DES,MAR,STK,SMART/AMEX,,,,,"
MAS,,"DES,MAS,STK,SMART/AMEX,,,,,"
SPGI,,"DES,SPGI,STK,SMART/AMEX,,,,,"
TRMB,,"DES,TRMB,STK,SMART/AMEX,,,,,"
WMB,,"DES,WMB,STK,SMART/AMEX,,,,,"
XYL,,"DES,XYL,STK,SMART/AMEX,,,,,"
ZBH,,"DES,ZBH,STK,SMART/AMEX,,,,,"
AIG,,"DES,AIG,STK,SMART/AMEX,,,,,"
AIZ,,"DES,AIZ,STK,SMART/AMEX,,,,,"
F,,"DES,F,STK,SMART/AMEX,,,,,"
FRSH,,"DES,FRSH,STK,SMART/AMEX,,,,,"
GILD,,"DES,GILD,STK,SMART/AMEX,,,,,"
HOOD,,"DES,HOOD,STK,SMART/AMEX,,,,,"
KVYO,,"DES,KVYO,STK,SMART/AMEX,,,,,"
LYFT,,"DES,LYFT,STK,SMART/AMEX,,,,,"
PEGA,,"DES,PEGA,STK,SMART/AMEX,,,,,"
BWA,,"DES,BWA,STK,SMART/AMEX,,,,,"
GNRC,,"DES,GNRC,STK,SMART/AMEX,,,,,"
HLT,,"DES,HLT,STK,SMART/AMEX,,,,,"
KHC,,"DES,KHC,STK,SMART/AMEX,,,,,"
SW,,"DES,SW,STK,SMART/AMEX,,,,,"
TMUS,,"DES,TMUS,STK,SMART/AMEX,,,,,"
U,,"DES,U,STK,SMART/AMEX,,,,,"
VRT,,"DES,VRT,STK,SMART/AMEX,,,,,"
WAB,,"DES,WAB,STK,SMART/AMEX,,,,,"
ALB,,"DES,ALB,STK,SMART/AMEX,,,,,"
APP,,"DES,APP,STK,SMART/AMEX,,,,,"
CSCO,,"DES,CSCO,STK,SMART/AMEX,,,,,"
IFF,,"DES,IFF,STK,SMART/AMEX,,,,,"
MCD,,"DES,MCD,STK,SMART/AMEX,,,,,"
MSI,,"DES,MSI,STK,SMART/AMEX,,,,,"
PAYC,,"DES,PAYC,STK,SMART/AMEX,,,,,"
AEP,,"DES,AEP,STK,SMART/AMEX,,,,,"
BAX,,"DES,BAX,STK,SMART/AMEX,,,,,"
CHKP,,"DES,CHKP,STK,SMART/AMEX,,,,,"
HWM,,"DES,HWM,STK,SMART/AMEX,,,,,"
NBIS,,"DES,NBIS,STK,SMART/AMEX,,,,,"
ZBRA,,"DES,ZBRA,STK,SMART/AMEX,,,,,"
ZTS,,"DES,ZTS,STK,SMART/AMEX,,,,,"
ABNB,,"DES,ABNB,STK,SMART/AMEX,,,,,"
AMAT,,"DES,AMAT,STK,SMART/AMEX,,,,,"
ANET,,"DES,ANET,STK,SMART/AMEX,,,,,"
CAE,,"DES,CAE,STK,SMART/AMEX,,,,,"
COIN,,"DES,COIN,STK,SMART/AMEX,,,,,"
EXPE,,"DES,EXPE,STK,SMART/AMEX,,,,,"
FLO,,"DES,FLO,STK,SMART/AMEX,,,,,"
IR,,"DES,IR,STK,SMART/AMEX,,,,,"
MHK,,"DES,MHK,STK,SMART/AMEX,,,,,"
PCOR,,"DES,PCOR,STK,SMART/AMEX,,,,,"
PINS,,"DES,PINS,STK,SMART/AMEX,,,,,"
ROKU,,"DES,ROKU,STK,SMART/AMEX,,,,,"
WYNN,,"DES,WYNN,STK,SMART/AMEX,,,,,"
BLDR,,"DES,BLDR,STK,SMART/AMEX,,,,,"
LDOS,,"DES,LDOS,STK,SMART/AMEX,,,,,"
LH,,"DES,LH,STK,SMART/AMEX,,,,,"
MDT,,"DES,MDT,STK,SMART/AMEX,,,,,"
VMC,,"DES,VMC,STK,SMART/AMEX,,,,,"
CDNS,,"DES,CDNS,STK,SMART/AMEX,,,,,"
CE,,"DES,CE,STK,SMART/AMEX,,,,,"
CZR,,"DES,CZR,STK,SMART/AMEX,,,,,"
EQT,,"DES,EQT,STK,SMART/AMEX,,,,,"
PANW,,"DES,PANW,STK,SMART/AMEX,,,,,"
TOL,,"DES,TOL,STK,SMART/AMEX,,,,,"
ADI,,"DES,ADI,STK,SMART/AMEX,,,,,"
GPN,,"DES,GPN,STK,SMART/AMEX,,,,,"
PODD,,"DES,PODD,STK,SMART/AMEX,,,,,"
CF,,"DES,CF,STK,SMART/AMEX,,,,,"
DASH,,"DES,DASH,STK,SMART/AMEX,,,,,"
EBAY,,"DES,EBAY,STK,SMART/AMEX,,,,,"
OMC,,"DES,OMC,STK,SMART/AMEX,,,,,"
TAP,,"DES,TAP,STK,SMART/AMEX,,,,,"
DE,,"DES,DE,STK,SMART/AMEX,,,,,"
LKQ,,"DES,LKQ,STK,SMART/AMEX,,,,,"
PWR,,"DES,PWR,STK,SMART/AMEX,,,,,"
TRGP,,"DES,TRGP,STK,SMART/AMEX,,,,,"
WMT,,"DES,WMT,STK,SMART/AMEX,,,,,"
AKAM,,"DES,AKAM,STK,SMART/AMEX,,,,,"
CENX,,"DES,CENX,STK,SMART/AMEX,,,,,"
CPRT,,"DES,CPRT,STK,SMART/AMEX,,,,,"
DBX,,"DES,DBX,STK,SMART/AMEX,,,,,"
LYV,,"DES,LYV,STK,SMART/AMEX,,,,,"
D,,"DES,D,STK,SMART/AMEX,,,,,"
TARS,,"DES,TARS,STK,SMART/AMEX,,,,,"
FIS,,"DES,FIS,STK,SMART/AMEX,,,,,"
HD,,"DES,HD,STK,SMART/AMEX,,,,,"
HSIC,,"DES,HSIC,STK,SMART/AMEX,,,,,"
KDP,,"DES,KDP,STK,SMART/AMEX,,,,,"
NRG,,"DES,NRG,STK,SMART/AMEX,,,,,"
AXON,,"DES,AXON,STK,SMART/AMEX,,,,,"
CAVA,,"DES,CAVA,STK,SMART/AMEX,,,,,"
FSLR,,"DES,FSLR,STK,SMART/AMEX,,,,,"
GDDY,,"DES,GDDY,STK,SMART/AMEX,,,,,"
HPQ,,"DES,HPQ,STK,SMART/AMEX,,,,,"
LCID,,"DES,LCID,STK,SMART/AMEX,,,,,"
MOS,,"DES,MOS,STK,SMART/AMEX,,,,,"
WDAY,,"DES,WDAY,STK,SMART/AMEX,,,,,"
LOW,,"DES,LOW,STK,SMART/AMEX,,,,,"
OC,,"DES,OC,STK,SMART/AMEX,,,,,"
TJX,,"DES,TJX,STK,SMART/AMEX,,,,,"
A,,"DES,A,STK,SMART/AMEX,,,,,"
AI,,"DES,AI,STK,SMART/AMEX,,,,,"
CRM,,"DES,CRM,STK,SMART/AMEX,,,,,"
NTNX,,"DES,NTNX,STK,SMART/AMEX,,,,,"
NVDA,,"DES,NVDA,STK,SMART/AMEX,,,,,"
PSTG,,"DES,PSTG,STK,SMART/AMEX,,,,,"
SNOW,,"DES,SNOW,STK,SMART/AMEX,,,,,"
SNPS,,"DES,SNPS,STK,SMART/AMEX,,,,,"
STN,,"DES,STN,STK,SMART/AMEX,,,,,"
TKO,,"DES,TKO,STK,SMART/AMEX,,,,,"
TTD,,"DES,TTD,STK,SMART/AMEX,,,,,"
UHS,,"DES,UHS,STK,SMART/AMEX,,,,,"
URBN,,"DES,URBN,STK,SMART/AMEX,,,,,"
ZM,,"DES,ZM,STK,SMART/AMEX,,,,,"
DCI,,"DES,DCI,STK,SMART/AMEX,,,,,"
EME,,"DES,EME,STK,SMART/AMEX,,,,,"
GCT,,"DES,GCT,STK,SMART/AMEX,,,,,"
HRL,,"DES,HRL,STK,SMART/AMEX,,,,,"
KBR,,"DES,KBR,STK,SMART/AMEX,,,,,"
VTRS,,"DES,VTRS,STK,SMART/AMEX,,,,,"
ADSK,,"DES,ADSK,STK,SMART/AMEX,,,,,"
AMBA,,"DES,AMBA,STK,SMART/AMEX,,,,,"
DELL,,"DES,DELL,STK,SMART/AMEX,,,,,"
ESTC,,"DES,ESTC,STK,SMART/AMEX,,,,,"
INTU,,"DES,INTU,STK,SMART/AMEX,,,,,"
MNST,,"DES,MNST,STK,SMART/AMEX,,,,,"
NTAP,,"DES,NTAP,STK,SMART/AMEX,,,,,"
SOLV,,"DES,SOLV,STK,SMART/AMEX,,,,,"
XYZ,,"DES,XYZ,STK,SMART/AMEX,,,,,"
ZS,,"DES,ZS,STK,SMART/AMEX,,,,,"
AAON,,"DES,AAON,STK,SMART/AMEX,,,,,"
NCLH,,"DES,NCLH,STK,SMART/AMEX,,,,,"
ASAN,,"DES,ASAN,STK,SMART/AMEX,,,,,"
ASTS,,"DES,ASTS,STK,SMART/AMEX,,,,,"
MDB,,"DES,MDB,STK,SMART/AMEX,,,,,"
BBY,,"DES,BBY,STK,SMART/AMEX,,,,,"
TGT,,"DES,TGT,STK,SMART/AMEX,,,,,"
BOX,,"DES,BOX,STK,SMART/AMEX,,,,,"
CRWD,,"DES,CRWD,STK,SMART/AMEX,,,,,"
GTLB,,"DES,GTLB,STK,SMART/AMEX,,,,,"
ROST,,"DES,ROST,STK,SMART/AMEX,,,,,"
ANF,,"DES,ANF,STK,SMART/AMEX,,,,,"
AEO,,"DES,AEO,STK,SMART/AMEX,,,,,"
AVGO,,"DES,AVGO,STK,SMART/AMEX,,,,,"
OKTA,,"DES,OKTA,STK,SMART/AMEX,,,,,"
VEEV,,"DES,VEEV,STK,SMART/AMEX,,,,,"
BJ,,"DES,BJ,STK,SMART/AMEX,,,,,"
BURL,,"DES,BURL,STK,SMART/AMEX,,,,,"
CIEN,,"DES,CIEN,STK,SMART/AMEX,,,,,"
KR,,"DES,KR,STK,SMART/AMEX,,,,,"
M,,"DES,M,STK,SMART/AMEX,,,,,"
VSCO,,"DES,VSCO,STK,SMART/AMEX,,,,,"
COO,,"DES,COO,STK,SMART/AMEX,,,,,"
COST,,"DES,COST,STK,SMART/AMEX,,,,,"
GAP,,"DES,GAP,STK,SMART/AMEX,,,,,"
TEN,,"DES,TEN,STK,SMART/AMEX,,,,,"
CASY,,"DES,CASY,STK,SMART/AMEX,,,,,"
HPE,,"DES,HPE,STK,SMART/AMEX,,,,,"
MTN,,"DES,MTN,STK,SMART/AMEX,,,,,"
ORCL,,"DES,ORCL,STK,SMART/AMEX,,,,,"
CTOS,,"DES,CTOS,STK,SMART/AMEX,,,,,"
FERG,,"DES,FERG,STK,SMART/AMEX,,,,,"
UNFI,,"DES,UNFI,STK,SMART/AMEX,,,,,"
WLFC,,"DES,WLFC,STK,SMART/AMEX,,,,,"
CPB,,"DES,CPB,STK,SMART/AMEX,,,,,"
BMBL,,"DES,BMBL,STK,SMART/AMEX,,,,,"
PATH,,"DES,PATH,STK,SMART/AMEX,,,,,"
DG,,"DES,DG,STK,SMART/AMEX,,,,,"
DKS,,"DES,DKS,STK,SMART/AMEX,,,,,"
OLLI,,"DES,OLLI,STK,SMART/AMEX,,,,,"
ADBE,,"DES,ADBE,STK,SMART/AMEX,,,,,"
LEN,,"DES,LEN,STK,SMART/AMEX,,,,,"
S,,"DES,S,STK,SMART/AMEX,,,,,"
SMTC,,"DES,SMTC,STK,SMART/AMEX,,,,,"
TTAN,,"DES,TTAN,STK,SMART/AMEX,,,,,"
ULTA,,"DES,ULTA,STK,SMART/AMEX,,,,,"
LAR,,"DES,LAR,STK,SMART/AMEX,,,,,"
DOCU,,"DES,DOCU,STK,SMART/AMEX,,,,,"
HQY,,"DES,HQY,STK,SMART/AMEX,,,,,"
GIS,,"DES,GIS,STK,SMART/AMEX,,,,,"
WSM,,"DES,WSM,STK,SMART/AMEX,,,,,"
FIVE,,"DES,FIVE,STK,SMART/AMEX,,,,,"
MU,,"DES,MU,STK,SMART/AMEX,,,,,"
ACN,,"DES,ACN,STK,SMART/AMEX,,,,,"
CCL,,"DES,CCL,STK,SMART/AMEX,,,,,"
DRI,,"DES,DRI,STK,SMART/AMEX,,,,,"
JBL,,"DES,JBL,STK,SMART/AMEX,,,,,"
FDX,,"DES,FDX,STK,SMART/AMEX,,,,,"
CNM,,"DES,CNM,STK,SMART/AMEX,,,,,"
KBH,,"DES,KBH,STK,SMART/AMEX,,,,,"
CHWY,,"DES,CHWY,STK,SMART/AMEX,,,,,"
MLKN,,"DES,MLKN,STK,SMART/AMEX,,,,,"
PAYX,,"DES,PAYX,STK,SMART/AMEX,,,,,"
AGX,,"DES,AGX,STK,SMART/AMEX,,,,,"
AIR,,"DES,AIR,STK,SMART/AMEX,,,,,"
BRZE,,"DES,BRZE,STK,SMART/AMEX,,,,,"
LULU,,"DES,LULU,STK,SMART/AMEX,,,,,"
FDS,,"DES,FDS,STK,SMART/AMEX,,,,,"
PVH,,"DES,PVH,STK,SMART/AMEX,,,,,"
NKE,,"DES,NKE,STK,SMART/AMEX,,,,,"
